TimeStamp,InUseCapacity,ActualCapacity,CapacityUtilization,FramesPerSecond,PendingCapacity,DesiredCapacity,AvailableCapacity,Bandwidth,InSessionLatency
2026/03/01 14:00:00,0.0,4.0,0.0,,0.0,4.0,4.0,,
2026/03/01 15:00:00,1.0,4.0,25.0,0.0,0.0,4.0,3.0,0.086948,154.07076
2026/03/01 16:00:00,1.0,4.0,25.0,0.2312219999999999,0.0,4.0,3.0,1.800054,154.27584
2026/03/01 17:00:00,0.0,4.0,0.0,,0.0,4.0,4.0,,
2026/03/01 18:00:00,0.0,4.0,0.0,,0.0,4.0,4.0,,
2026/03/01 19:00:00,0.0,4.0,0.0,,0.0,4.0,4.0,,
2026/03/01 20:00:00,0.0,4.0,0.0,,0.0,4.0,4.0,,
2026/03/01 21:00:00,1.0,4.0,25.0,0.00077,0.0,4.0,3.0,0.162202,113.92124
2026/03/01 22:00:00,1.0,4.0,25.0,,0.0,4.0,3.0,,
2026/03/01 23:00:00,1.0,4.0,25.0,,0.0,4.0,3.0,,
2026/03/02 00:00:00,0.0,4.0,0.0,,0.0,4.0,4.0,,
2026/03/02 01:00:00,0.0,4.0,0.0,,0.0,4.0,4.0,,
2026/03/02 02:00:00,0.0,4.0,0.0,,0.0,4.0,4.0,,
2026/03/02 03:00:00,0.0,4.0,0.0,,0.0,4.0,4.0,,
2026/03/02 04:00:00,0.0,4.0,0.0,,0.0,4.0,4.0,,
2026/03/02 05:00:00,0.0,4.0,0.0,,31.0,35.0,4.0,,
2026/03/02 06:00:00,0.2,35.0,0.5714285714285714,,0.0,35.0,34.8,,
2026/03/02 07:00:00,5.8,35.0,16.57142857142857,0.8952805555555555,0.0,35.0,29.2,20.577391764705883,89.77874117647059
2026/03/02 08:00:00,31.0,41.6,74.7943014181639,1.1140802173913045,8.4,50.0,10.6,53.945904326241134,48.128213380281686
2026/03/02 09:00:00,46.8,74.4,62.90450450450451,1.0436448325358854,0.6,75.0,27.6,59.34182076555024,52.36948708133971
2026/03/02 10:00:00,52.4,74.4,70.42882882882883,1.2544037068965517,0.6,75.0,22.0,61.541878441558445,47.31049220779221
2026/03/02 11:00:00,51.8,73.8,70.18881895594225,0.9248665853658536,1.2,75.0,22.0,45.041503173076926,47.93090528846153
2026/03/02 12:00:00,45.4,75.0,60.53333333333334,0.6308148039215686,0.0,75.0,29.6,70.0183093,51.7539495049505
2026/03/02 13:00:00,39.6,75.0,52.8,0.4465806666666666,0.0,75.0,35.4,103.99427862068964,94.88538275862068
2026/03/02 14:00:00,31.2,68.2,45.74595055413469,0.6995252212389381,0.8,69.0,37.0,83.45192637168142,41.10358947368421
2026/03/02 15:00:00,31.0,65.0,47.69230769230769,0.5167572222222222,0.0,63.8,34.0,58.175025680000005,47.783746400000005
2026/03/02 16:00:00,32.8,60.8,53.94041953111228,0.6679726865671642,1.2,62.0,28.0,36.19201343283583,47.733437313432844
2026/03/02 17:00:00,31.8,60.0,53.0,1.3870574285714283,2.0,62.0,28.2,55.68578476190476,47.88527809523811
2026/03/02 18:00:00,28.6,58.8,48.6655162496405,1.4820061363636363,0.6,58.8,30.2,104.44605888888891,50.577940000000005
2026/03/02 19:00:00,19.4,43.4,44.69344608879493,0.0083363636363636,0.6,44.0,24.0,30.24204857142857,49.90350476190476
2026/03/02 20:00:00,8.8,23.8,36.91304347826088,0.0578533333333333,1.6,25.4,15.0,1137.1311325,48.521825
2026/03/02 21:00:00,6.0,14.4,41.71428571428572,3.4768914285714283,0.0,14.0,8.4,387.6483933333333,75.82600000000001
2026/03/02 22:00:00,3.0,6.0,50.0,0.08371,0.0,6.0,3.0,490.19562,31.8443
2026/03/02 23:00:00,3.0,6.0,50.0,0.0287185714285714,0.0,6.0,3.0,1.460422,28.86664
2026/03/03 00:00:00,1.0,4.6,22.666666666666668,,0.4,5.0,3.6,,
2026/03/03 01:00:00,0.0,4.0,0.0,,0.0,4.0,4.0,,
2026/03/03 02:00:00,0.0,4.0,0.0,,0.0,4.0,4.0,,
2026/03/03 03:00:00,0.0,4.0,0.0,,0.0,4.0,4.0,,
2026/03/03 04:00:00,0.0,4.0,0.0,,0.0,4.0,4.0,,
2026/03/03 05:00:00,0.0,4.0,0.0,,31.0,35.0,4.0,,
2026/03/03 06:00:00,0.0,35.0,0.0,,0.0,35.0,35.0,,
2026/03/03 07:00:00,5.2,35.0,14.857142857142858,0.8683924999999999,0.0,35.0,29.8,26.9823635,51.82771
2026/03/03 08:00:00,37.8,42.8,88.33585019631532,0.9433043195266272,8.2,51.0,5.0,56.76182123529412,316.2545760233918
2026/03/03 09:00:00,50.6,74.4,68.0144144144144,0.7202297272727273,0.6,75.0,23.8,30.86043738738739,54.98075405405405
2026/03/03 10:00:00,54.0,75.0,72.0,0.7104379253112034,0.0,75.0,21.0,36.35760583333334,82.19105916666666
2026/03/03 11:00:00,55.6,74.6,74.52972972972972,0.9906159813084112,0.4,75.0,19.0,47.605450230414746,76.81397407407407
2026/03/03 12:00:00,50.0,74.2,67.38738738738739,0.292040977443609,0.8,75.0,24.2,28.84463139705882,634.5980844444445
2026/03/03 13:00:00,44.0,72.6,60.608828006088274,1.028098148148148,2.4,75.0,28.6,54.51192775,47.0939475
2026/03/03 14:00:00,40.6,71.8,56.54586575771218,0.8520067295597485,3.2,75.0,31.2,44.75822654088051,259.91190437500006
2026/03/03 15:00:00,38.0,74.2,51.21441441441442,0.9664854777070064,0.8,75.0,36.2,74.96539094936709,47.79419240506329
2026/03/03 16:00:00,43.0,75.0,57.333333333333336,0.4905196341463415,0.0,75.0,32.0,33.03065670731707,49.06136787878787
2026/03/03 17:00:00,39.0,74.4,52.421621621621625,0.8574163157894739,0.6,75.0,35.4,66.01993318584071,53.960748672566375
2026/03/03 18:00:00,29.2,63.4,46.05920504006834,0.8795273076923077,1.0,63.4,34.2,145.03885296296298,77.71864444444445
2026/03/03 19:00:00,18.4,37.8,48.66135366135366,0.0055616666666666,0.6,38.0,19.4,0.3164407692307692,125.57173846153847
2026/03/03 20:00:00,5.6,22.6,24.679089026915115,,0.4,23.0,17.0,,
2026/03/03 21:00:00,2.4,12.0,19.83682983682984,,0.6,12.6,9.6,,
2026/03/03 22:00:00,0.0,3.0,0.0,,1.0,4.0,3.0,,
2026/03/03 23:00:00,0.0,4.0,0.0,,0.0,4.0,4.0,,
2026/03/04 00:00:00,0.0,4.0,0.0,,0.0,4.0,4.0,,
2026/03/04 01:00:00,0.0,4.0,0.0,,0.0,4.0,4.0,,
2026/03/04 02:00:00,0.0,4.0,0.0,,0.0,4.0,4.0,,
2026/03/04 03:00:00,0.0,4.0,0.0,,0.0,4.0,4.0,,
2026/03/04 04:00:00,0.0,4.0,0.0,,0.0,4.0,4.0,,
2026/03/04 05:00:00,0.0,4.0,0.0,,31.0,35.0,4.0,,
2026/03/04 06:00:00,0.0,35.0,0.0,,0.0,35.0,35.0,,
2026/03/04 07:00:00,8.0,35.0,22.85714285714286,0.7670279487179488,0.0,35.0,27.0,27.585767567567565,81.16640810810812
2026/03/04 08:00:00,30.8,45.0,68.44444444444443,0.7961687857142857,2.4,47.4,14.2,33.75031232394366,75.68789014084508
2026/03/04 09:00:00,48.0,75.0,64.0,1.0492370925110133,0.0,75.0,27.0,63.60843591111112,50.80580353982301
2026/03/04 10:00:00,55.0,75.0,73.33333333333333,0.8120273221757324,0.0,75.0,20.0,46.14941434042554,417.8796852941176
2026/03/04 11:00:00,56.6,74.6,75.87027027027027,1.21726275,0.4,75.0,18.0,88.94693935897436,57.91927190082645
2026/03/04 12:00:00,47.4,74.0,64.05879303961497,0.4688699275362318,1.0,75.0,26.6,51.494547571428576,470.9731575539568
2026/03/04 13:00:00,47.0,74.0,63.51351351351352,0.7234347916666666,1.0,75.0,27.0,203.45549118279567,65.23779892473118
2026/03/04 14:00:00,47.4,73.8,64.22806368011848,0.8285869005847952,1.2,75.0,26.4,46.85226252941177,294.8225523529412
2026/03/04 15:00:00,44.0,73.2,60.11106997408367,0.6020700602409639,1.8,75.0,29.2,27.37125172619048,46.05554311377245
2026/03/04 16:00:00,41.8,73.8,56.63828211773417,0.7879378527607362,1.2,75.0,32.0,41.37172774390244,49.22898414634145
2026/03/04 17:00:00,35.8,74.8,47.85945945945946,0.6064862499999999,0.2,75.0,39.0,27.67637201754386,53.52835964912282
2026/03/04 18:00:00,31.2,65.6,47.55710955710956,2.1643006666666667,1.4,67.0,34.4,102.76839629032258,62.12583548387097
2026/03/04 19:00:00,20.8,50.6,41.104441776710686,0.4980813793103449,0.6,50.8,29.8,116.62321035714284,185.777125
2026/03/04 20:00:00,11.6,31.6,36.69354838709678,0.0093815384615384,0.4,32.0,20.0,0.1458876923076923,87.22153846153847
2026/03/04 21:00:00,6.6,19.6,33.63157894736842,1.541318,0.4,20.0,13.0,140.755742,74.73188
2026/03/04 22:00:00,3.6,8.4,42.738095238095234,,0.4,8.8,4.8,,
2026/03/04 23:00:00,2.0,4.0,50.0,,0.0,4.0,2.0,,
2026/03/05 00:00:00,0.0,2.0,0.0,,2.0,4.0,2.0,,
2026/03/05 01:00:00,0.0,4.0,0.0,,0.0,4.0,4.0,,
2026/03/05 02:00:00,0.0,4.0,0.0,,0.0,4.0,4.0,,
2026/03/05 03:00:00,0.0,4.0,0.0,,0.0,4.0,4.0,,
2026/03/05 04:00:00,0.0,4.0,0.0,,0.0,4.0,4.0,,
2026/03/05 05:00:00,0.0,4.0,0.0,,31.0,35.0,4.0,,
2026/03/05 06:00:00,1.0,35.0,2.857142857142857,0.0,0.0,35.0,34.0,0.0011099999999999,46.60652
2026/03/05 07:00:00,5.6,35.0,16.0,2.856492142857143,0.0,35.0,29.4,134.2077437037037,157.06565555555557
2026/03/05 08:00:00,28.8,39.2,73.45330963431093,0.987565234375,3.8,43.0,10.4,42.33613558139536,60.544981395348834
2026/03/05 09:00:00,52.8,73.0,72.32876712328766,0.5053427685950413,2.0,75.0,20.2,39.65577978448276,56.74979789029536
2026/03/05 10:00:00,58.0,75.0,77.33333333333333,0.7872061904761904,0.0,75.0,17.0,46.6503428340081,115.69392698412696
2026/03/05 11:00:00,56.6,74.6,75.87027027027027,0.6267621120689655,0.4,75.0,18.0,40.86996480686695,86.6259244635193
2026/03/05 12:00:00,52.0,72.4,71.85971363166038,0.300805107913669,2.6,75.0,20.4,24.747936474820143,99.82806086956523
2026/03/05 13:00:00,44.2,74.2,59.567567567567565,0.554193188405797,0.8,75.0,30.0,59.89410928571428,38.33671714285715
2026/03/05 14:00:00,41.2,74.0,55.67241762310255,1.0259035761589403,1.0,75.0,32.8,69.89783873333334,57.766356
2026/03/05 15:00:00,38.0,74.0,51.35135135135136,1.0410326206896552,1.0,75.0,36.0,98.0507,43.40654137931035
2026/03/05 16:00:00,38.0,75.0,50.66666666666666,0.9944532307692308,0.0,75.0,37.0,54.463985271317824,48.40508914728682
2026/03/05 17:00:00,33.0,74.4,44.36001480932988,1.39777025,0.6,75.0,41.4,82.656007625,68.04320874999999
2026/03/05 18:00:00,26.0,59.4,43.77401129943503,1.5100377419354836,2.6,62.0,33.4,193.368784,79.95167333333332
2026/03/05 19:00:00,17.0,39.2,43.37179487179488,0.3163585,0.0,39.0,22.2,6.3419065,49.19246
2026/03/05 20:00:00,7.0,23.0,30.43478260869565,0.0,0.0,23.0,16.0,0.0,42.26656
2026/03/05 21:00:00,6.0,15.0,40.0,2.389544,0.0,15.0,9.0,72.38701,102.26608
2026/03/05 22:00:00,2.0,5.0,40.0,,0.0,4.8,3.0,,
2026/03/05 23:00:00,1.0,4.0,25.0,,0.0,4.0,3.0,,
2026/03/06 00:00:00,0.0,3.2,0.0,,0.8,4.0,3.2,,
2026/03/06 01:00:00,0.0,4.0,0.0,,0.0,4.0,4.0,,
2026/03/06 02:00:00,0.0,4.0,0.0,,0.0,4.0,4.0,,
2026/03/06 03:00:00,0.0,4.0,0.0,,0.0,4.0,4.0,,
2026/03/06 04:00:00,0.0,4.0,0.0,,0.0,4.0,4.0,,
2026/03/06 05:00:00,0.0,4.0,0.0,,31.0,35.0,4.0,,
2026/03/06 06:00:00,1.0,35.0,2.857142857142857,,0.0,35.0,34.0,,
2026/03/06 07:00:00,9.0,35.0,25.714285714285715,0.9953365789473684,0.0,35.0,26.0,36.74747459459459,125.26845945945946
2026/03/06 08:00:00,32.0,43.2,74.05919661733614,0.9078850617283952,1.8,45.0,11.2,41.62041756410256,290.618101863354
2026/03/06 09:00:00,49.0,75.0,65.33333333333333,0.7805432017543859,0.0,75.0,26.0,53.5602488,84.12980999999999
2026/03/06 10:00:00,55.0,75.0,73.33333333333333,1.1678769649805445,0.0,75.0,20.0,61.73454448,145.57397725490196
2026/03/06 11:00:00,55.8,74.8,74.5981981981982,0.8546751231527094,0.2,75.0,19.0,37.38681349514564,158.24074708737865
2026/03/06 12:00:00,49.8,73.8,67.47871158830063,0.2214872413793103,1.2,75.0,24.0,51.85014460176991,67.22073451327434
2026/03/06 13:00:00,43.4,73.4,59.126249537208444,0.394100406504065,1.6,75.0,30.0,60.625744958677686,143.78603833333332
2026/03/06 14:00:00,42.0,74.6,56.30270270270271,0.7325001398601397,0.4,75.0,32.6,28.434928450704223,53.28118661971832
2026/03/06 15:00:00,43.0,75.0,57.333333333333336,0.8907603401360545,0.0,75.0,32.0,86.764548,53.52041379310346
2026/03/06 16:00:00,38.0,75.0,50.66666666666666,0.7484799999999999,0.0,75.0,37.0,55.44926531531532,50.524010810810815
2026/03/06 17:00:00,31.4,69.0,45.5072463768116,0.689742962962963,1.0,70.0,37.6,92.17380621951216,70.26181728395062
2026/03/06 18:00:00,25.0,55.0,45.45454545454545,0.7371537142857142,2.0,57.0,30.0,39.09837257142857,91.14813714285714
2026/03/06 19:00:00,16.4,36.4,45.04504504504505,0.0,0.6,37.0,20.0,1.36e-05,56.668816
2026/03/06 20:00:00,7.0,19.0,36.8421052631579,,0.0,19.0,12.0,,
2026/03/06 21:00:00,5.0,12.0,41.66666666666666,,0.0,12.0,7.0,,
2026/03/06 22:00:00,0.0,4.0,0.0,,0.0,4.0,4.0,,
2026/03/06 23:00:00,0.0,4.0,0.0,,0.0,4.0,4.0,,
2026/03/07 00:00:00,0.0,4.0,0.0,,0.0,4.0,4.0,,
2026/03/07 01:00:00,0.0,4.0,0.0,,0.0,4.0,4.0,,
2026/03/07 02:00:00,0.0,4.0,0.0,,0.0,4.0,4.0,,
2026/03/07 03:00:00,0.0,4.0,0.0,,0.0,4.0,4.0,,
2026/03/07 04:00:00,0.0,4.0,0.0,,0.0,4.0,4.0,,
2026/03/07 05:00:00,0.0,4.0,0.0,,6.0,10.0,4.0,,
2026/03/07 06:00:00,0.0,10.0,0.0,,0.0,10.0,10.0,,
2026/03/07 07:00:00,2.0,10.0,20.0,0.0950755555555555,0.0,10.0,8.0,2.465638,39.1222
2026/03/07 08:00:00,5.0,10.0,50.0,0.150097,0.0,10.0,5.0,7.178289000000001,63.76844
2026/03/07 09:00:00,9.0,13.6,66.42857142857142,0.3496257777777778,0.8,14.4,4.6,8.420161136363635,56.45931818181818
2026/03/07 10:00:00,10.0,18.0,55.55555555555556,0.96210875,0.0,18.0,8.0,40.55150735294117,57.93524705882352
2026/03/07 11:00:00,12.2,20.0,61.0,1.84478,0.0,20.0,7.8,79.26833346153846,64.67445384615385
2026/03/07 12:00:00,9.6,20.6,46.57142857142857,0.0047276,0.4,21.0,11.0,0.2721888,73.180512
2026/03/07 13:00:00,6.2,14.2,43.61904761904762,0.0,1.8,16.0,8.0,0.0,213.93448
2026/03/07 14:00:00,5.0,10.0,50.0,0.0083419999999999,0.0,10.0,5.0,0.0272689999999999,81.50992000000001
2026/03/07 15:00:00,2.0,5.0,40.0,0.0309269999999999,0.0,5.0,3.0,1.807826,58.58804
2026/03/07 16:00:00,4.0,7.0,57.142857142857146,1.096818,0.0,7.0,3.0,40.2081025,60.84403999999999
2026/03/07 17:00:00,6.0,10.0,60.0,0.159163,0.0,10.0,4.0,6.4021325,81.02954
2026/03/07 18:00:00,6.0,10.0,60.0,1.7225146666666666,0.0,10.0,4.0,75.78396933333333,67.75359999999999
2026/03/07 19:00:00,5.0,12.0,41.66666666666666,1e-06,0.0,12.0,7.0,8e-06,116.91114
2026/03/07 20:00:00,4.0,9.0,44.44444444444444,,1.0,10.0,5.0,,
2026/03/07 21:00:00,2.0,4.0,50.0,,0.0,4.0,2.0,,
2026/03/07 22:00:00,0.0,4.0,0.0,,0.0,4.0,4.0,,
2026/03/07 23:00:00,0.0,4.0,0.0,,0.0,4.0,4.0,,
2026/03/08 00:00:00,0.0,4.0,0.0,,0.0,4.0,4.0,,
2026/03/08 01:00:00,0.0,4.0,0.0,,0.0,4.0,4.0,,
2026/03/08 02:00:00,0.0,4.0,0.0,,0.0,4.0,4.0,,
2026/03/08 03:00:00,0.0,4.0,0.0,,0.0,4.0,4.0,,
2026/03/08 04:00:00,0.0,4.0,0.0,,0.0,4.0,4.0,,
2026/03/08 05:00:00,0.0,4.0,0.0,,0.0,4.0,4.0,,
2026/03/08 06:00:00,0.0,4.0,0.0,,0.0,4.0,4.0,,
2026/03/08 07:00:00,0.0,4.0,0.0,,0.0,4.0,4.0,,
2026/03/08 08:00:00,1.0,4.0,25.0,0.8195600000000001,0.0,4.0,3.0,18.94885,51.25008
2026/03/08 09:00:00,1.0,4.0,25.0,0.0,0.0,4.0,3.0,0.0,54.71496
2026/03/08 10:00:00,1.0,4.0,25.0,,0.0,4.0,3.0,,
2026/03/08 11:00:00,0.8,3.8,20.0,,0.2,4.0,3.0,,
2026/03/08 12:00:00,1.0,4.0,25.0,,0.0,4.0,3.0,,
2026/03/08 13:00:00,1.0,4.0,25.0,,0.0,4.0,3.0,,
2026/03/08 14:00:00,1.0,4.0,25.0,3.779646,0.0,4.0,3.0,116.272808,117.26732
2026/03/08 15:00:00,1.0,4.0,25.0,,0.0,4.0,3.0,,
2026/03/08 16:00:00,1.0,4.0,25.0,3.5881540000000003,0.0,4.0,3.0,136.02608800000002,88.47016
2026/03/08 17:00:00,1.0,4.0,25.0,,0.0,4.0,3.0,,
2026/03/08 18:00:00,1.0,4.0,25.0,,0.0,4.0,3.0,,
2026/03/08 19:00:00,0.0,4.0,0.0,,0.0,4.0,4.0,,
2026/03/08 20:00:00,0.0,4.0,0.0,,0.0,4.0,4.0,,
2026/03/08 21:00:00,1.4,4.0,35.0,0.8908849999999999,0.0,4.0,2.6,0.0003566666666666,271.6969666666667
2026/03/08 22:00:00,2.0,4.0,50.0,,0.0,4.0,2.0,,
2026/03/08 23:00:00,2.0,4.0,50.0,,0.0,4.0,2.0,,
2026/03/09 00:00:00,0.0,4.0,0.0,,0.0,4.0,4.0,,
2026/03/09 01:00:00,0.0,4.0,0.0,,0.0,4.0,4.0,,
2026/03/09 02:00:00,0.0,4.0,0.0,,0.0,4.0,4.0,,
2026/03/09 03:00:00,0.0,4.0,0.0,,0.0,4.0,4.0,,
2026/03/09 04:00:00,0.0,4.0,0.0,,0.0,4.0,4.0,,
2026/03/09 05:00:00,0.0,4.0,0.0,,31.0,35.0,4.0,,
2026/03/09 06:00:00,0.0,35.0,0.0,,0.0,35.0,35.0,,
2026/03/09 07:00:00,6.0,35.0,17.142857142857142,0.8671313333333333,0.0,35.0,29.0,41.1119112,63.52509333333334
2026/03/09 08:00:00,26.2,35.4,74.25988871809305,1.0914499999999998,7.0,42.4,9.2,54.398673947368415,51.10804369747899
2026/03/09 09:00:00,44.6,70.0,63.71428571428571,0.7023154807692309,5.0,75.0,25.4,33.65155497560976,133.94957272727274
2026/03/09 10:00:00,49.6,75.0,66.13333333333334,0.9735911682242993,0.0,75.0,25.4,67.89457545023697,96.92790138888893
2026/03/09 11:00:00,54.6,74.6,73.1891891891892,0.7612957534246575,0.4,75.0,20.0,48.86206543778802,82.93707297297298
2026/03/09 12:00:00,47.0,73.0,64.38356164383562,0.7807063855421688,2.0,75.0,26.0,96.9693924390244,111.89761097560977
2026/03/09 13:00:00,39.8,74.8,53.207207207207205,0.9646257142857144,0.2,75.0,35.0,203.52672276595743,41.92265957446808
2026/03/09 14:00:00,35.0,69.0,50.72463768115942,0.8361345323741007,1.0,70.0,34.0,52.335295328467154,50.32746277372264
2026/03/09 15:00:00,36.0,68.8,52.32736572890025,0.7670714925373133,1.2,70.0,32.8,45.5535441221374,49.4347816793893
2026/03/09 16:00:00,35.2,70.0,50.28571428571429,0.91863,0.0,70.0,34.8,60.226025573770485,221.8267007874016
2026/03/09 17:00:00,32.0,63.8,50.15873015873016,0.5132676635514019,1.2,65.0,31.8,23.798036504854373,52.287075925925926
2026/03/09 18:00:00,24.0,53.0,45.283018867924525,0.4816446875,2.0,55.0,29.0,155.63637999999997,56.87147575757575
2026/03/09 19:00:00,17.8,39.0,45.637907137907135,0.0006647368421052,1.0,39.8,21.2,0.0304752631578947,53.07703684210527
2026/03/09 20:00:00,7.2,20.6,35.239350021958714,,2.8,23.4,13.4,,
2026/03/09 21:00:00,5.6,11.6,48.18181818181817,0.0,1.4,13.0,6.0,0.0,157.49692
2026/03/09 22:00:00,1.0,4.2,24.0,,0.0,4.0,3.2,,
2026/03/09 23:00:00,1.0,4.0,25.0,,0.0,4.0,3.0,,
2026/03/10 00:00:00,0.0,4.0,0.0,,0.0,4.0,4.0,,
2026/03/10 01:00:00,0.0,4.0,0.0,,0.0,4.0,4.0,,
2026/03/10 02:00:00,0.0,4.0,0.0,,0.0,4.0,4.0,,
2026/03/10 03:00:00,0.0,4.0,0.0,,0.0,4.0,4.0,,
2026/03/10 04:00:00,0.0,4.0,0.0,,0.0,4.0,4.0,,
2026/03/10 05:00:00,0.0,4.0,0.0,,31.0,35.0,4.0,,
2026/03/10 06:00:00,0.0,35.0,0.0,,0.0,35.0,35.0,,
2026/03/10 07:00:00,4.0,35.0,11.428571428571429,0.628133888888889,0.0,35.0,31.0,205.30281777777776,125.7918
2026/03/10 08:00:00,33.6,40.6,82.80462560695119,1.0640905806451617,7.4,48.0,7.0,167.98385098039216,51.299479220779226
2026/03/10 09:00:00,55.0,74.4,73.92792792792793,0.7615049193548388,0.6,75.0,19.4,73.1460789558233,66.74244581673308
2026/03/10 10:00:00,60.0,74.6,80.43243243243244,0.6719119999999998,0.4,75.0,14.6,33.44975143396226,199.9671418867925
2026/03/10 11:00:00,60.0,74.0,81.08108108108108,0.6456235416666668,1.0,75.0,14.0,36.57738560165975,87.37069668049791
2026/03/10 12:00:00,51.0,74.8,68.18378378378378,0.0304812030075187,0.2,75.0,23.8,2.0099643703703705,733.5972303703703
2026/03/10 13:00:00,46.0,74.0,62.16216216216217,1.40019,1.0,75.0,28.0,147.53454972222224,82.55541666666666
2026/03/10 14:00:00,42.0,74.0,56.75675675675676,0.5460129032258065,1.0,75.0,32.0,32.372200194805195,223.26959545454545
2026/03/10 15:00:00,38.8,74.0,52.43243243243244,0.6588033333333334,1.0,75.0,35.2,26.695273313609466,53.52975357142858
2026/03/10 16:00:00,45.0,75.0,60.0,0.950025269461078,0.0,75.0,30.0,52.35289792899408,44.27530355029585
2026/03/10 17:00:00,39.4,72.2,54.57001522070014,0.8386152066115703,2.8,75.0,32.8,35.982743032786885,46.34046033057852
2026/03/10 18:00:00,26.8,59.8,44.80744651292026,0.6870775925925926,0.8,60.2,33.0,23.84031678571429,112.5399982142857
2026/03/10 19:00:00,19.2,41.4,46.38734030197445,0.2269216666666667,0.0,41.2,22.2,3.052734117647059,169.91074705882352
2026/03/10 20:00:00,12.0,26.4,45.47008547008547,0.0611355555555555,0.0,26.2,14.4,290.488199,47.52016
2026/03/10 21:00:00,5.0,13.6,36.90476190476191,0.0,1.4,14.8,8.6,27.738148,37.39626
2026/03/10 22:00:00,2.0,4.0,50.0,,0.0,4.0,2.0,,
2026/03/10 23:00:00,1.0,4.0,25.0,,0.0,4.0,3.0,,
2026/03/11 00:00:00,0.0,4.0,0.0,,0.0,4.0,4.0,,
2026/03/11 01:00:00,0.0,4.0,0.0,,0.0,4.0,4.0,,
2026/03/11 02:00:00,0.0,4.0,0.0,,0.0,4.0,4.0,,
2026/03/11 03:00:00,0.0,4.0,0.0,,0.0,4.0,4.0,,
2026/03/11 04:00:00,0.0,4.0,0.0,,0.0,4.0,4.0,,
2026/03/11 05:00:00,0.0,4.0,0.0,,31.0,35.0,4.0,,
2026/03/11 06:00:00,0.0,35.0,0.0,,0.0,35.0,35.0,,
2026/03/11 07:00:00,4.0,35.0,11.428571428571429,1.306738666666667,0.0,35.0,31.0,23.16561133333333,48.332386666666665
2026/03/11 08:00:00,35.8,42.6,84.01993355481727,0.5856884146341463,2.4,45.0,6.8,26.39890595238096,301.28443273809523
2026/03/11 09:00:00,53.2,74.8,71.12432432432433,0.6494204098360655,0.2,75.0,21.6,67.93249543209876,242.74060370370373
2026/03/11 10:00:00,59.0,75.0,78.66666666666667,0.7748282987551869,0.0,75.0,16.0,38.024818464730295,103.10592208333334
2026/03/11 11:00:00,58.8,74.8,78.60900900900901,0.7298777990430622,0.2,75.0,16.0,38.69084076555024,49.29651428571429
2026/03/11 12:00:00,52.0,74.0,70.26809823522152,0.210795737704918,1.0,75.0,22.0,7.9897381147541,558.9234163934427
2026/03/11 13:00:00,42.8,74.0,57.85075075075075,0.5290168253968254,1.0,75.0,31.2,57.680790615384616,652.171315625
2026/03/11 14:00:00,40.4,74.4,54.2990990990991,0.4610252816901409,0.6,75.0,34.0,24.181594375000003,53.0942625
2026/03/11 15:00:00,43.6,75.0,58.13333333333334,0.6485956830601092,0.0,75.0,31.4,34.746696935483875,142.76621935483868
2026/03/11 16:00:00,39.4,71.4,55.17996870109546,0.7113208666666666,3.6,75.0,32.0,31.026782200000003,49.175824
2026/03/11 17:00:00,36.0,75.0,48.0,0.3102141666666667,0.0,75.0,39.0,17.288707981651374,51.46757196261682
2026/03/11 18:00:00,28.2,63.6,44.307298234552334,0.7480295238095238,1.4,65.0,35.4,22.00328840909091,56.78513409090908
2026/03/11 19:00:00,14.4,38.8,37.0971366350057,0.4723399999999998,0.6,39.4,24.4,15.995162,47.95437333333333
2026/03/11 20:00:00,6.0,22.0,27.27272727272728,0.0,0.0,21.8,16.0,0.0,44.87708
2026/03/11 21:00:00,4.6,11.4,40.60606060606061,0.76219,0.2,10.8,6.8,3.92004,521.4698500000001
2026/03/11 22:00:00,3.0,8.0,37.5,0.0,0.0,8.0,5.0,0.0,161.468125
2026/03/11 23:00:00,1.0,4.0,25.0,,0.0,4.0,3.0,,
2026/03/12 00:00:00,1.0,4.0,25.0,,0.0,4.0,3.0,,
2026/03/12 01:00:00,0.0,4.0,0.0,,0.0,4.0,4.0,,
2026/03/12 02:00:00,0.0,4.0,0.0,,0.0,4.0,4.0,,
2026/03/12 03:00:00,0.0,4.0,0.0,,0.0,4.0,4.0,,
2026/03/12 04:00:00,0.0,4.0,0.0,,0.0,4.0,4.0,,
2026/03/12 05:00:00,0.0,4.0,0.0,,31.0,35.0,4.0,,
2026/03/12 06:00:00,0.0,35.0,0.0,,0.0,35.0,35.0,,
2026/03/12 07:00:00,3.2,35.0,9.142857142857142,0.017445,0.0,35.0,31.8,0.004112,41.43868
2026/03/12 08:00:00,30.0,39.8,75.43956043956044,0.8448313533834587,6.2,46.0,9.8,108.6350037777778,128.84041985294118
2026/03/12 09:00:00,46.2,73.0,63.28767123287671,0.3150782159624413,1.6,74.6,26.8,23.24461087155964,158.933297706422
2026/03/12 10:00:00,49.8,73.8,67.47871158830063,0.7424434821428572,1.2,75.0,24.0,56.84298778761062,234.6551052173913
2026/03/12 11:00:00,51.4,74.4,69.08468468468467,0.6130833636363636,0.6,75.0,23.0,50.57102923076923,165.66454170403586
2026/03/12 12:00:00,47.4,73.4,64.57608293224732,0.0472687999999999,1.6,75.0,26.0,2.600604257425742,573.4744138613861
2026/03/12 13:00:00,48.6,74.6,65.14594594594595,1.258869545454545,0.4,75.0,26.0,228.02257023809528,486.0936776470589
2026/03/12 14:00:00,39.8,69.4,57.36237687563288,1.1172971428571423,5.6,75.0,29.6,64.42933133802818,305.455045390071
2026/03/12 15:00:00,40.0,72.8,54.95495495495496,1.1662554716981133,2.2,75.0,32.8,71.45537114649682,54.116235668789805
2026/03/12 16:00:00,35.6,72.2,49.307350955045344,0.8362260305343511,2.8,75.0,36.6,43.17246985185185,45.65147462686567
2026/03/12 17:00:00,30.0,64.6,46.49327122153209,0.759478076923077,2.0,66.0,34.6,61.91305525641026,43.41787435897436
2026/03/12 18:00:00,25.2,60.2,41.84495693248125,0.8145056818181818,1.8,62.0,35.0,28.86256886363636,62.11482272727273
2026/03/12 19:00:00,18.0,42.0,42.85714285714285,0.6219466666666666,0.0,42.0,24.0,16.69419733333333,57.041
2026/03/12 20:00:00,8.8,27.4,32.18390804597702,0.1549710526315789,0.8,28.0,18.6,2.145796470588235,267.57009411764705
2026/03/12 21:00:00,5.0,17.0,29.411764705882355,0.0886639999999999,1.0,18.0,12.0,5.074576,172.34652
2026/03/12 22:00:00,3.8,8.8,43.05555555555556,,0.0,8.6,5.0,0.0,90.6973
2026/03/12 23:00:00,2.0,5.4,37.333333333333336,,0.6,6.0,3.4,,
2026/03/13 00:00:00,0.2,3.2,5.0,,0.8,4.0,3.0,,
2026/03/13 01:00:00,0.0,4.0,0.0,,0.0,4.0,4.0,,
2026/03/13 02:00:00,0.0,4.0,0.0,,0.0,4.0,4.0,,
2026/03/13 03:00:00,0.0,4.0,0.0,,0.0,4.0,4.0,,
2026/03/13 04:00:00,0.0,4.0,0.0,,0.0,4.0,4.0,,
2026/03/13 05:00:00,0.0,4.0,0.0,,31.0,35.0,4.0,,
2026/03/13 06:00:00,0.0,35.0,0.0,,0.0,35.0,35.0,,
2026/03/13 07:00:00,5.0,35.0,14.285714285714286,0.3349342857142857,0.0,35.0,30.0,11.485899047619048,69.55767619047619
2026/03/13 08:00:00,24.8,36.6,67.86377708978328,1.102980918367347,5.2,41.8,11.8,83.7300793,356.97207211538466
2026/03/13 09:00:00,41.0,62.4,65.70564516129032,0.957842864864865,6.6,69.0,21.4,46.39817195652174,252.82993027027027
2026/03/13 10:00:00,50.0,75.0,66.66666666666667,0.77539376146789,0.0,75.0,25.0,49.45223628440368,117.25223045454544
2026/03/13 11:00:00,53.6,74.4,72.04324324324324,0.3765451904761904,0.6,75.0,20.8,37.07532251184834,161.78830616113743
2026/03/13 12:00:00,45.6,73.6,61.95483154387264,0.9202655555555556,1.4,75.0,28.0,19.004589666666668,74.40211008403361
2026/03/13 13:00:00,42.0,74.6,56.30270270270271,0.3583068181818182,0.4,75.0,32.6,63.08516190476191,101.44069682539684
2026/03/13 14:00:00,41.0,75.0,54.66666666666666,0.4320224666666666,0.0,75.0,34.0,33.742369933333336,63.808712666666665
2026/03/13 15:00:00,39.4,73.4,53.67641614216957,0.8560546540880504,1.6,75.0,34.0,45.56078149068323,54.35713416149069
2026/03/13 16:00:00,36.2,70.6,51.27967806841046,1.37209,4.4,75.0,34.4,62.58869683673469,107.64291165048544
2026/03/13 17:00:00,30.0,67.0,44.776119402985074,0.2884088405797101,0.0,67.0,37.0,75.94467611940298,56.30717014925372
2026/03/13 18:00:00,19.2,49.6,38.712715855573,0.0812209523809523,1.6,51.0,30.4,6.328905833333333,60.77565217391304
2026/03/13 19:00:00,11.0,31.0,35.483870967741936,0.1184835714285714,0.6,31.2,20.0,256.36472066666664,50.43886875
2026/03/13 20:00:00,5.8,18.4,31.49638802889577,0.0,0.2,18.4,12.6,0.00118,81.8624
2026/03/13 21:00:00,3.0,9.0,33.333333333333336,,1.0,10.0,6.0,,
2026/03/13 22:00:00,0.6,3.6,15.0,,0.4,4.0,3.0,,
2026/03/13 23:00:00,0.0,4.0,0.0,,0.0,4.0,4.0,,
2026/03/14 00:00:00,0.0,4.0,0.0,,0.0,4.0,4.0,,
2026/03/14 01:00:00,0.0,4.0,0.0,,0.0,4.0,4.0,,
2026/03/14 02:00:00,0.0,4.0,0.0,,0.0,4.0,4.0,,
2026/03/14 03:00:00,0.0,4.0,0.0,,0.0,4.0,4.0,,
2026/03/14 04:00:00,0.0,4.0,0.0,,0.0,4.0,4.0,,
2026/03/14 05:00:00,0.0,4.0,0.0,,6.0,10.0,4.0,,
2026/03/14 06:00:00,0.0,10.0,0.0,,0.0,10.0,10.0,,
2026/03/14 07:00:00,2.0,10.0,20.0,0.0,0.0,10.0,8.0,0.0133769999999999,56.0557
2026/03/14 08:00:00,8.0,10.0,80.0,1.6475659999999996,3.8,13.8,2.0,77.73132600000001,62.60593428571429
2026/03/14 09:00:00,10.0,18.0,55.55555555555556,0.0455837999999999,0.0,18.0,8.0,3.6865086,62.158264
2026/03/14 10:00:00,12.0,22.0,54.54545454545455,0.9850182222222222,0.0,22.0,10.0,62.02977422222222,67.34841777777778
2026/03/14 11:00:00,11.0,22.0,50.0,0.4759003333333333,0.0,22.0,11.0,23.892546,57.09562666666667
2026/03/14 12:00:00,8.0,18.0,44.44444444444444,2.26923076923e-05,0.0,18.0,10.0,0.000724,99.049984
2026/03/14 13:00:00,6.0,13.0,46.15384615384615,0.0,0.0,13.0,7.0,0.0,250.74076
2026/03/14 14:00:00,5.0,11.0,45.45454545454545,0.0,0.0,11.0,6.0,2.774079,97.5041
2026/03/14 15:00:00,4.0,10.0,40.0,0.0708494999999999,0.0,10.0,6.0,4.532136,54.85308
2026/03/14 16:00:00,6.8,9.2,74.0,1.1641322727272727,1.0,10.2,2.4,50.16204434782609,70.35976521739131
2026/03/14 17:00:00,7.0,13.0,53.84615384615385,0.0160256666666666,0.0,13.0,6.0,0.151479,81.52375333333335
2026/03/14 18:00:00,7.0,13.0,53.84615384615385,0.33044,0.0,13.0,6.0,12.188214666666664,90.79070666666668
2026/03/14 19:00:00,6.0,13.0,46.15384615384615,,0.0,13.0,7.0,,
2026/03/14 20:00:00,3.0,7.4,40.71428571428572,,0.0,7.2,4.4,,
2026/03/14 21:00:00,0.0,4.0,0.0,,0.0,4.0,4.0,,
2026/03/14 22:00:00,0.0,4.0,0.0,,0.0,4.0,4.0,,
2026/03/14 23:00:00,0.0,4.0,0.0,,0.0,4.0,4.0,,
2026/03/15 00:00:00,0.0,4.0,0.0,,0.0,4.0,4.0,,
2026/03/15 01:00:00,0.0,4.0,0.0,,0.0,4.0,4.0,,
2026/03/15 02:00:00,0.0,4.0,0.0,,0.0,4.0,4.0,,
2026/03/15 03:00:00,0.0,4.0,0.0,,0.0,4.0,4.0,,
2026/03/15 04:00:00,0.0,4.0,0.0,,0.0,4.0,4.0,,
2026/03/15 05:00:00,0.0,4.0,0.0,,0.0,4.0,4.0,,
2026/03/15 06:00:00,0.0,4.0,0.0,,0.0,4.0,4.0,,
2026/03/15 07:00:00,0.0,4.0,0.0,,0.0,4.0,4.0,,
2026/03/15 08:00:00,0.0,4.0,0.0,,0.0,4.0,4.0,,
2026/03/15 09:00:00,0.2,4.0,5.0,,0.0,4.0,3.8,,
2026/03/15 10:00:00,2.0,4.0,50.0,0.1784866666666666,0.0,4.0,2.0,219.30069250000005,178.77435000000003
2026/03/15 11:00:00,2.0,4.0,50.0,,0.0,4.0,2.0,0.0,80.2062
2026/03/15 12:00:00,1.0,4.0,25.0,,0.0,4.0,3.0,,
2026/03/15 13:00:00,1.0,4.0,25.0,0.0,0.0,4.0,3.0,0.0,172.28956
2026/03/15 14:00:00,1.0,4.0,25.0,,0.0,4.0,3.0,,
2026/03/15 15:00:00,1.0,4.0,25.0,,0.0,4.0,3.0,,
2026/03/15 16:00:00,0.0,4.0,0.0,,0.0,4.0,4.0,,
2026/03/15 17:00:00,0.0,4.0,0.0,,0.0,4.0,4.0,,
2026/03/15 18:00:00,0.0,4.0,0.0,,0.0,4.0,4.0,,
2026/03/15 19:00:00,0.0,4.0,0.0,,0.0,4.0,4.0,,
2026/03/15 20:00:00,1.0,4.0,25.0,,0.0,4.0,3.0,,
2026/03/15 21:00:00,1.0,4.0,25.0,,0.0,4.0,3.0,,
2026/03/15 22:00:00,1.0,4.0,25.0,,0.0,4.0,3.0,,
2026/03/15 23:00:00,1.0,4.0,25.0,1.994072,0.0,4.0,3.0,32.126099999999994,67.53284
2026/03/16 00:00:00,1.0,4.0,25.0,,0.0,4.0,3.0,,
2026/03/16 01:00:00,1.0,4.0,25.0,,0.0,4.0,3.0,,
2026/03/16 02:00:00,0.0,4.0,0.0,,0.0,4.0,4.0,,
2026/03/16 03:00:00,0.0,4.0,0.0,,0.0,4.0,4.0,,
2026/03/16 04:00:00,0.0,4.0,0.0,,0.0,4.0,4.0,,
2026/03/16 05:00:00,0.0,4.0,0.0,,31.0,35.0,4.0,,
2026/03/16 06:00:00,1.0,35.0,2.857142857142857,0.0,0.0,35.0,34.0,0.023294,82.99064
2026/03/16 07:00:00,4.4,35.0,12.571428571428571,1.4761507142857144,0.0,35.0,30.6,59.28470266666668,59.82313333333333
2026/03/16 08:00:00,36.4,50.0,72.8,1.032406524390244,9.4,59.4,13.6,54.79178809523809,59.248941071428575
2026/03/16 09:00:00,53.0,75.0,70.66666666666667,0.770701918367347,0.0,75.0,22.0,59.13316628099175,276.774256504065
2026/03/16 10:00:00,55.6,74.6,74.52972972972974,0.7379397457627118,0.4,75.0,19.0,56.12828438914028,109.4484670995671
2026/03/16 11:00:00,59.4,73.4,80.92558311736393,0.9333520247933884,1.6,75.0,14.0,58.21335709016393,94.87877959183672
2026/03/16 12:00:00,47.0,73.4,64.03554239170678,0.3737379999999999,1.6,75.0,26.4,17.88551019047619,482.54884
2026/03/16 13:00:00,44.2,74.0,59.729729729729726,0.3426831818181817,1.0,75.0,29.8,56.35161685393258,59.33172359550562
2026/03/16 14:00:00,39.2,72.6,53.99543378995433,0.5539808275862069,2.4,75.0,33.4,33.31893772413793,52.08592344827586
2026/03/16 15:00:00,38.0,73.0,52.05479452054794,0.4864246405228757,2.0,75.0,35.0,19.883136948051945,46.06845324675324
2026/03/16 16:00:00,36.0,71.0,50.70422535211268,0.9319111678832116,0.0,71.0,35.0,39.52125949275363,49.21695539568345
2026/03/16 17:00:00,33.0,70.0,47.16238608119304,0.8697468055555555,0.0,69.0,37.0,40.30006684931507,43.41775205479452
2026/03/16 18:00:00,28.8,58.8,48.97720631209819,0.9063690909090908,2.2,61.0,30.0,71.670548,51.682068888888885
2026/03/16 19:00:00,14.2,33.8,42.01426024955437,0.0,2.6,36.2,19.6,1.35e-05,54.33202
2026/03/16 20:00:00,7.8,18.0,43.32301341589268,,0.2,18.0,10.2,,
2026/03/16 21:00:00,5.0,11.4,43.93939393939394,,0.6,12.0,6.4,,
2026/03/16 22:00:00,0.0,4.0,0.0,,0.0,4.0,4.0,,
2026/03/16 23:00:00,0.0,4.0,0.0,,0.0,4.0,4.0,,
2026/03/17 00:00:00,0.0,4.0,0.0,,0.0,4.0,4.0,,
2026/03/17 01:00:00,0.0,4.0,0.0,,0.0,4.0,4.0,,
2026/03/17 02:00:00,0.0,4.0,0.0,,0.0,4.0,4.0,,
2026/03/17 03:00:00,0.0,4.0,0.0,,0.0,4.0,4.0,,
2026/03/17 04:00:00,0.0,4.0,0.0,,0.0,4.0,4.0,,
2026/03/17 05:00:00,0.0,4.0,0.0,,31.0,35.0,4.0,,
2026/03/17 06:00:00,1.0,35.0,2.857142857142857,,0.0,35.0,34.0,,
2026/03/17 07:00:00,8.0,35.0,22.857142857142858,0.7302679411764705,0.0,35.0,27.0,42.80904058823529,68.45983823529411
2026/03/17 08:00:00,31.6,45.2,69.95271033314512,0.6831276642335766,3.8,49.0,13.6,27.819305539568347,350.85299136690656
2026/03/17 09:00:00,52.8,75.0,70.4,0.7300427160493828,0.0,75.0,22.2,36.76862755186722,96.07017468879668
2026/03/17 10:00:00,54.0,74.4,72.5891151425398,0.8152659482758622,0.6,75.0,20.4,42.21249621145375,288.10840881057266
2026/03/17 11:00:00,54.6,74.6,73.1891891891892,0.9279320614035088,0.4,75.0,20.0,42.233322663755466,242.3233960698689
2026/03/17 12:00:00,49.0,74.4,65.86306306306305,0.277998828125,0.6,75.0,25.4,19.86573305343511,54.003820000000005
2026/03/17 13:00:00,45.0,75.0,60.0,0.9962204,0.0,75.0,30.0,134.08311739726025,70.51788356164384
2026/03/17 14:00:00,42.0,74.66666666666667,56.252252252252255,1.0766625547445254,0.3333333333333333,75.0,32.666666666666664,46.84549356643357,95.959713986014
2026/03/17 15:00:00,37.0,73.6,50.27397260273973,1.0529238666666667,1.4,75.0,36.6,59.01346351351352,50.17147432432432
2026/03/17 16:00:00,41.0,75.0,54.66666666666666,0.6806782119205298,0.0,75.0,34.0,73.36953366666665,52.053073333333344
2026/03/17 17:00:00,36.0,72.8,49.45205479452055,0.9177945679012344,2.2,75.0,36.8,51.785992317073166,44.492375609756095
2026/03/17 18:00:00,27.0,51.6,52.33031674208144,1.091088709677419,1.4,53.0,24.6,52.720019666666666,59.752026666666666
2026/03/17 19:00:00,12.0,34.2,35.09243697478992,0.135673,0.8,35.0,22.2,3.010407,40.20036
2026/03/17 20:00:00,5.0,21.6,23.16017316017316,4.17264,0.2,21.4,16.6,343.03399,90.44204
2026/03/17 21:00:00,3.0,12.2,24.615384615384617,,0.0,12.0,9.2,,
2026/03/17 22:00:00,1.0,4.0,25.0,,0.0,4.0,3.0,,
2026/03/17 23:00:00,1.0,4.0,25.0,,0.0,4.0,3.0,,
2026/03/18 00:00:00,0.0,4.0,0.0,,0.0,4.0,4.0,,
2026/03/18 01:00:00,0.0,4.0,0.0,,0.0,4.0,4.0,,
2026/03/18 02:00:00,0.0,4.0,0.0,,0.0,4.0,4.0,,
2026/03/18 03:00:00,0.0,4.0,0.0,,0.0,4.0,4.0,,
2026/03/18 04:00:00,0.0,4.0,0.0,,0.0,4.0,4.0,,
2026/03/18 05:00:00,0.0,4.0,0.0,,31.0,35.0,4.0,,
2026/03/18 06:00:00,0.0,35.0,0.0,,0.0,35.0,35.0,,
2026/03/18 07:00:00,5.4,35.0,15.428571428571429,1.1067036,0.0,35.0,29.6,60.554300000000005,63.2920125
2026/03/18 08:00:00,36.0,46.8,76.92876965772433,0.6633029069767442,2.8,49.6,10.8,36.57164970588235,52.30380647058824
2026/03/18 09:00:00,51.2,75.0,68.26666666666667,1.1981898529411763,0.0,75.0,23.8,56.50406145631067,56.01710634146341
2026/03/18 10:00:00,54.0,74.0,72.97297297297297,0.8385099609375,1.0,75.0,20.0,67.17421952755905,67.90930888030887
2026/03/18 11:00:00,55.0,73.0,75.33495824591714,0.8243372384937239,2.0,75.0,18.0,53.22471024896265,234.63078041666668
2026/03/18 12:00:00,51.8,73.8,70.1866469208935,0.5844922147651006,1.2,75.0,22.0,18.50260761904762,681.0017965986394
2026/03/18 13:00:00,49.0,74.0,66.21621621621621,0.2922244444444444,1.0,75.0,25.0,83.173448125,72.38740625
2026/03/18 14:00:00,45.8,73.6,62.22880414661237,0.9118947530864197,1.4,75.0,27.8,33.130101925465844,141.97818322981368
2026/03/18 15:00:00,45.0,73.4,61.31525360977416,0.3871264238410595,1.6,75.0,28.4,23.62674658064516,58.908809032258056
2026/03/18 16:00:00,40.0,74.0,54.05405405405405,0.7789822784810124,1.0,75.0,34.0,50.39671936708861,57.687198089171964
2026/03/18 17:00:00,36.4,71.8,50.696400625978086,0.7310860638297874,0.2,72.0,35.4,64.91035252631579,56.060381052631584
2026/03/18 18:00:00,31.4,66.2,47.43102668475803,0.7577691891891892,1.8,68.0,34.8,35.23790736842105,63.956684210526326
2026/03/18 19:00:00,16.0,40.0,40.10840108401084,0.8462280000000001,2.4,42.0,24.0,42.552672,69.0631
2026/03/18 20:00:00,6.0,21.0,28.571428571428573,,0.0,21.0,15.0,,
2026/03/18 21:00:00,3.0,10.0,30.0,,0.0,9.4,7.0,,
2026/03/18 22:00:00,0.0,4.0,0.0,,0.0,4.0,4.0,,
2026/03/18 23:00:00,0.0,4.0,0.0,,0.0,4.0,4.0,,
2026/03/19 00:00:00,0.0,4.0,0.0,,0.0,4.0,4.0,,
2026/03/19 01:00:00,0.0,4.0,0.0,,0.0,4.0,4.0,,
2026/03/19 02:00:00,0.0,4.0,0.0,,0.0,4.0,4.0,,
2026/03/19 03:00:00,0.0,4.0,0.0,,0.0,4.0,4.0,,
2026/03/19 04:00:00,0.0,4.0,0.0,,0.0,4.0,4.0,,
2026/03/19 05:00:00,0.0,4.0,0.0,,31.0,35.0,4.0,,
2026/03/19 06:00:00,1.0,35.0,2.857142857142857,,0.0,35.0,34.0,,
2026/03/19 07:00:00,3.2,35.0,9.142857142857142,1.62549,0.0,35.0,31.8,41.29832444444445,115.3049888888889
2026/03/19 08:00:00,32.8,48.8,67.20238095238096,0.5647011538461538,1.4,50.2,16.0,35.07303335526316,110.71716178343952
2026/03/19 09:00:00,47.2,72.2,65.38256566425582,0.7765980288461538,2.8,75.0,25.0,49.36442257142858,200.8366620853081
2026/03/19 10:00:00,53.0,74.0,71.62162162162163,1.0759889903846154,1.0,75.0,21.0,64.83914306220096,182.452209569378
2026/03/19 11:00:00,54.6,74.6,73.1891891891892,0.9589737556561084,0.4,75.0,20.0,86.76827954954955,228.80665855855847
2026/03/19 12:00:00,50.6,74.0,68.37837837837837,0.4450017582417582,1.0,75.0,23.4,29.66083933333333,65.99986555555554
2026/03/19 13:00:00,47.0,74.0,63.51351351351352,0.8752894915254237,1.0,75.0,27.0,113.16280566666666,138.46162
2026/03/19 14:00:00,39.2,71.2,55.0547730829421,0.805948510638298,3.8,75.0,32.0,46.73438202898551,160.63603768115942
2026/03/19 15:00:00,43.0,75.0,57.333333333333336,0.6377053631284916,0.0,75.0,32.0,38.59223672222222,58.21462055555556
2026/03/19 16:00:00,42.0,75.0,56.0,0.6441886861313869,0.0,75.0,33.0,53.03788284671533,67.66299416058395
2026/03/19 17:00:00,35.75,74.75,47.82432432432432,0.1253787356321839,0.25,75.0,39.0,8.004969204545453,74.84512068965518
2026/03/19 18:00:00,28.4,67.6,42.01931518876207,0.6357543181818182,3.4,71.0,39.2,35.70450446808511,62.63071304347826
2026/03/19 19:00:00,18.0,43.0,41.86046511627907,0.98945,0.0,43.0,25.0,0.588839,35.42622
2026/03/19 20:00:00,8.4,25.4,33.04615384615384,,1.6,27.0,17.0,,
2026/03/19 21:00:00,2.0,10.2,19.63636363636364,,1.8,12.0,8.2,,
2026/03/19 22:00:00,1.0,4.0,25.0,2.58054,0.0,4.0,3.0,102.996524,34.01196
2026/03/19 23:00:00,2.0,4.0,50.0,0.4704527272727272,0.0,4.0,2.0,268.50876900000003,96.43783
2026/03/20 00:00:00,2.0,4.0,50.0,,0.0,4.0,2.0,,
2026/03/20 01:00:00,2.0,4.0,50.0,,0.0,4.0,2.0,,
2026/03/20 02:00:00,0.0,4.0,0.0,,0.0,4.0,4.0,,
2026/03/20 03:00:00,0.0,4.0,0.0,,0.0,4.0,4.0,,
2026/03/20 04:00:00,0.0,4.0,0.0,,0.0,4.0,4.0,,
2026/03/20 05:00:00,0.0,4.0,0.0,,31.0,35.0,4.0,,
2026/03/20 06:00:00,0.0,35.0,0.0,,0.0,35.0,35.0,,
2026/03/20 07:00:00,4.2,35.0,12.0,0.705012142857143,0.0,35.0,30.8,19.532941333333333,60.383093333333335
2026/03/20 08:00:00,29.0,34.8,83.43653250773994,0.4852040875912409,12.0,46.8,5.8,30.631572272727272,686.9197872180451
2026/03/20 09:00:00,40.2,68.2,58.94288150042625,0.9087074096385545,0.8,69.0,28.0,45.55274574850299,165.82163113772458
2026/03/20 10:00:00,46.0,75.0,61.333333333333336,0.6102532195121951,0.0,75.0,29.0,44.46854745,538.6580346341464
2026/03/20 11:00:00,48.8,73.8,66.12365790447981,0.3335738693467336,1.2,75.0,25.0,23.7869465,180.187153
2026/03/20 12:00:00,43.0,74.0,58.108108108108105,0.4279147413793103,1.0,75.0,31.0,67.80229245614035,256.74038260869565
2026/03/20 13:00:00,39.0,75.0,52.0,0.6829669565217391,0.0,75.0,36.0,33.134673877551016,59.131353061224495
2026/03/20 14:00:00,34.6,74.0,46.75675675675676,1.1853294339622642,0.6,73.4,39.4,61.43854814814814,425.4305663551402
2026/03/20 15:00:00,37.0,69.2,53.469979296066256,0.6180238848920863,1.8,71.0,32.2,26.385728071428577,56.095790714285705
2026/03/20 16:00:00,30.8,62.8,49.04249871991807,0.6468507017543861,0.2,63.0,32.0,35.62652736842105,179.1468307017544
2026/03/20 17:00:00,27.0,54.0,50.0,0.6798626506024097,1.0,55.0,27.0,21.629799518072293,87.33484578313252
2026/03/20 18:00:00,22.4,46.2,48.49172576832151,0.9519104651162792,1.8,48.0,23.8,28.6679146511628,93.1324046511628
2026/03/20 19:00:00,17.0,36.8,46.2146356883199,0.1727003333333333,0.4,36.8,19.8,8.418840333333334,68.72348666666667
2026/03/20 20:00:00,10.0,21.4,46.79089026915114,,0.8,22.0,11.4,,
2026/03/20 21:00:00,6.0,12.2,49.23076923076923,0.489178,0.8,13.0,6.2,121.96404200000002,135.9513
2026/03/20 22:00:00,1.0,4.0,25.0,0.7782649999999999,0.0,4.0,3.0,211.75749800000003,128.056
2026/03/20 23:00:00,0.0,4.0,0.0,,0.0,4.0,4.0,,
2026/03/21 00:00:00,0.0,4.0,0.0,,0.0,4.0,4.0,,
2026/03/21 01:00:00,0.0,4.0,0.0,,0.0,4.0,4.0,,
2026/03/21 02:00:00,0.0,4.0,0.0,,0.0,4.0,4.0,,
2026/03/21 03:00:00,0.0,4.0,0.0,,0.0,4.0,4.0,,
2026/03/21 04:00:00,0.0,4.0,0.0,,0.0,4.0,4.0,,
2026/03/21 05:00:00,0.0,4.0,0.0,,6.0,10.0,4.0,,
2026/03/21 06:00:00,0.0,10.0,0.0,,0.0,10.0,10.0,,
2026/03/21 07:00:00,1.0,10.0,10.0,1.061384,0.0,10.0,9.0,69.03296399999999,52.01174000000001
2026/03/21 08:00:00,3.0,10.0,30.0,0.0067793333333333,0.0,10.0,7.0,0.1054846666666666,47.503346666666665
2026/03/21 09:00:00,9.0,15.0,60.0,0.0527110526315789,0.0,15.0,6.0,4.049029743589744,78.46740512820512
2026/03/21 10:00:00,10.0,17.0,58.82352941176471,0.4161893333333333,0.0,17.0,7.0,76.11828677419355,101.74647096774194
2026/03/21 11:00:00,10.0,17.0,58.82352941176471,0.4464241176470588,0.0,17.0,7.0,17.752791428571427,68.92932
2026/03/21 12:00:00,9.0,17.0,52.94117647058823,2.6e-05,0.0,17.0,8.0,0.5890804,82.892816
2026/03/21 13:00:00,7.0,14.0,50.0,4.8e-05,0.0,14.0,7.0,0.002528,78.66623999999999
2026/03/21 14:00:00,7.0,14.0,50.0,0.0,0.0,14.0,7.0,2.7118026666666664,57.64503333333334
2026/03/21 15:00:00,6.0,11.0,54.54545454545455,2.382708571428572,0.0,11.0,5.0,149.156832,101.43508
2026/03/21 16:00:00,6.0,11.0,54.54545454545455,0.6423734999999999,0.0,11.0,5.0,11.693996,75.09680999999999
2026/03/21 17:00:00,3.8,11.8,32.121212121212125,0.124528,0.0,11.6,8.0,7.665297999999999,52.58266666666667
2026/03/21 18:00:00,4.0,7.0,57.142857142857146,0.33757,0.0,7.0,3.0,7.959278571428572,83.46514285714285
2026/03/21 19:00:00,3.0,5.0,60.0,,0.0,5.0,2.0,,
2026/03/21 20:00:00,0.2,3.2,5.0,,0.8,4.0,3.0,,
2026/03/21 21:00:00,0.0,4.0,0.0,,0.0,4.0,4.0,,
2026/03/21 22:00:00,0.0,4.0,0.0,,0.0,4.0,4.0,,
2026/03/21 23:00:00,0.0,4.0,0.0,,0.0,4.0,4.0,,
2026/03/22 00:00:00,0.0,4.0,0.0,,0.0,4.0,4.0,,
2026/03/22 01:00:00,0.0,4.0,0.0,,0.0,4.0,4.0,,
2026/03/22 02:00:00,0.0,4.0,0.0,,0.0,4.0,4.0,,
2026/03/22 03:00:00,0.0,4.0,0.0,,0.0,4.0,4.0,,
2026/03/22 04:00:00,0.0,4.0,0.0,,0.0,4.0,4.0,,
2026/03/22 05:00:00,0.0,4.0,0.0,,0.0,4.0,4.0,,
2026/03/22 06:00:00,0.0,4.0,0.0,,0.0,4.0,4.0,,
2026/03/22 07:00:00,0.0,4.0,0.0,,0.0,4.0,4.0,,
2026/03/22 08:00:00,0.0,4.0,0.0,,0.0,4.0,4.0,,
2026/03/22 09:00:00,1.0,4.0,25.0,2.6e-05,0.0,4.0,3.0,0.002698,45.1066
2026/03/22 10:00:00,1.0,4.0,25.0,,0.0,4.0,3.0,,
2026/03/22 11:00:00,1.0,4.0,25.0,,0.0,4.0,3.0,,
2026/03/22 12:00:00,0.0,3.6,0.0,,0.4,4.0,3.6,,
2026/03/22 13:00:00,0.0,4.0,0.0,,0.0,4.0,4.0,,
2026/03/22 14:00:00,0.4,4.0,10.0,,0.0,4.0,3.6,46.71061,141.868
2026/03/22 15:00:00,1.0,4.0,25.0,6e-05,0.0,4.0,3.0,0.0890839999999999,126.38952
2026/03/22 16:00:00,1.0,4.0,25.0,,0.0,4.0,3.0,,
2026/03/22 17:00:00,1.0,4.0,25.0,0.0,0.0,4.0,3.0,0.0,73.12912
2026/03/22 18:00:00,1.0,4.0,25.0,,0.0,4.0,3.0,,
2026/03/22 19:00:00,1.0,4.0,25.0,,0.0,4.0,3.0,,
2026/03/22 20:00:00,1.0,4.0,25.0,,0.0,4.0,3.0,,
2026/03/22 21:00:00,1.0,4.0,25.0,,0.0,4.0,3.0,,
2026/03/22 22:00:00,0.0,3.0,0.0,,1.0,4.0,3.0,,
2026/03/22 23:00:00,0.0,4.0,0.0,,0.0,4.0,4.0,,
2026/03/23 00:00:00,0.0,4.0,0.0,,0.0,4.0,4.0,,
2026/03/23 01:00:00,0.0,4.0,0.0,,0.0,4.0,4.0,,
2026/03/23 02:00:00,0.0,4.0,0.0,,0.0,4.0,4.0,,
2026/03/23 03:00:00,0.0,4.0,0.0,,0.0,4.0,4.0,,
2026/03/23 04:00:00,0.0,4.0,0.0,,0.0,4.0,4.0,,
2026/03/23 05:00:00,0.0,4.0,0.0,,31.0,35.0,4.0,,
2026/03/23 06:00:00,0.0,35.0,0.0,,0.0,35.0,35.0,,
2026/03/23 07:00:00,6.6,35.0,18.85714285714285,0.9089807692307692,0.0,35.0,28.4,28.264196923076927,94.06702307692308
2026/03/23 08:00:00,32.2,39.8,80.87300803603756,0.6864046621621622,7.2,47.0,7.6,38.13737101351352,57.00136891891892
2026/03/23 09:00:00,52.0,75.0,69.33333333333333,1.0245482857142858,0.0,75.0,23.0,52.83564183333333,238.63861387755105
2026/03/23 10:00:00,55.8,75.0,74.4,0.857992520661157,0.0,75.0,19.2,47.68794685714286,62.11283795918367
2026/03/23 11:00:00,55.4,74.4,74.46126126126127,0.933527972972973,0.6,75.0,19.0,48.85664715555557,415.5768862222222
2026/03/23 12:00:00,49.6,71.8,69.08204171758098,0.3992823684210526,3.2,75.0,22.2,17.28948120689655,785.6990904347826
2026/03/23 13:00:00,46.0,72.2,63.71385083713851,0.3694853521126761,2.8,75.0,26.2,52.82877642857144,40.49352571428571
2026/03/23 14:00:00,42.8,73.8,57.99333580155498,0.9135081379310346,1.2,75.0,31.0,58.67206937931035,340.6235151724138
2026/03/23 15:00:00,42.4,71.2,59.55007824726134,0.611503988764045,3.8,75.0,28.8,43.62943834285714,55.14176077348066
2026/03/23 16:00:00,39.0,73.0,53.41430745814307,0.6618843448275862,2.0,75.0,34.0,53.05341409395974,50.00044496644296
2026/03/23 17:00:00,34.0,72.0,47.21543364703697,0.3284312195121951,3.0,75.0,38.0,12.058548313253011,46.1993421686747
2026/03/23 18:00:00,22.6,53.6,42.176801629742805,1.2620416666666667,3.6,56.8,31.0,44.705097692307696,53.64247307692308
2026/03/23 19:00:00,11.0,28.6,38.47290640394088,0.7647720000000001,2.4,31.0,17.6,36.617702,62.96847
2026/03/23 20:00:00,5.8,17.4,33.30882352941177,0.0,0.2,17.4,11.6,0.0,41.004360000000005
2026/03/23 21:00:00,4.0,8.0,50.0,,0.0,8.0,4.0,,
2026/03/23 22:00:00,1.0,4.0,25.0,,0.0,4.0,3.0,,
2026/03/23 23:00:00,0.0,4.0,0.0,,0.0,4.0,4.0,,
2026/03/24 00:00:00,0.0,4.0,0.0,,0.0,4.0,4.0,,
2026/03/24 01:00:00,0.0,4.0,0.0,,0.0,4.0,4.0,,
2026/03/24 02:00:00,0.0,4.0,0.0,,0.0,4.0,4.0,,
2026/03/24 03:00:00,0.0,4.0,0.0,,0.0,4.0,4.0,,
2026/03/24 04:00:00,0.0,4.0,0.0,,0.0,4.0,4.0,,
2026/03/24 05:00:00,0.0,4.0,0.0,,31.0,35.0,4.0,,
2026/03/24 06:00:00,0.0,35.0,0.0,,0.0,35.0,35.0,,
2026/03/24 07:00:00,5.6,34.6,16.168067226890756,1.3771956,0.4,35.0,29.0,40.82930307692308,48.985434615384605
2026/03/24 08:00:00,36.4,44.2,82.35353535353535,0.4624512426035502,2.8,47.0,7.8,43.15497360465116,62.66916994219653
2026/03/24 09:00:00,52.0,73.2,71.04035542391706,1.0256447668393782,1.8,75.0,21.2,64.37463119170985,54.946459793814434
2026/03/24 10:00:00,58.0,74.2,78.16936936936936,0.7885952914798207,0.8,75.0,16.2,75.3563729017857,251.13941244444447
2026/03/24 11:00:00,52.4,73.4,71.38621498210539,0.8724748979591836,1.6,75.0,21.0,61.7092538095238,292.1800666666667
2026/03/24 12:00:00,45.0,75.0,60.0,0.2161712499999999,0.0,75.0,30.0,16.026091304347826,744.9426105263158
2026/03/24 13:00:00,42.0,75.0,56.0,0.2997825882352941,0.0,75.0,33.0,184.71658865853647,58.30439638554217
2026/03/24 14:00:00,34.8,73.0,47.66732485910568,1.0345393023255811,2.0,75.0,38.2,72.38798055555556,303.6915587301588
2026/03/24 15:00:00,36.75,73.0,50.34246575342466,0.8801755714285715,2.0,75.0,36.25,48.58788333333333,114.63605652173912
2026/03/24 16:00:00,41.0,72.0,56.94444444444444,0.9297122857142855,0.0,72.0,31.0,61.98412617021277,63.31396808510637
2026/03/24 17:00:00,33.0,71.0,46.478873239436616,0.6641128205128205,1.0,72.0,38.0,28.69774794871795,52.84877051282052
2026/03/24 18:00:00,26.0,56.0,46.42857142857143,0.6013514705882352,1.0,57.0,30.0,45.77690971428572,55.55896
2026/03/24 19:00:00,14.6,35.6,41.0,0.015839,1.0,36.4,21.0,0.0,69.23394
2026/03/24 20:00:00,6.0,19.2,31.26315789473684,,0.0,19.0,13.2,,
2026/03/24 21:00:00,2.0,8.0,25.0,,0.0,8.0,6.0,,
2026/03/24 22:00:00,0.0,4.0,0.0,,0.0,4.0,4.0,,
2026/03/24 23:00:00,0.0,4.0,0.0,,0.0,4.0,4.0,,
2026/03/25 00:00:00,0.0,4.0,0.0,,0.0,4.0,4.0,,
2026/03/25 01:00:00,0.0,4.0,0.0,,0.0,4.0,4.0,,
2026/03/25 02:00:00,0.0,4.0,0.0,,0.0,4.0,4.0,,
2026/03/25 03:00:00,0.0,4.0,0.0,,0.0,4.0,4.0,,
2026/03/25 04:00:00,0.0,4.0,0.0,,0.0,4.0,4.0,,
2026/03/25 05:00:00,0.0,4.0,0.0,,31.0,35.0,4.0,,
2026/03/25 06:00:00,0.0,35.0,0.0,,0.0,35.0,35.0,,
2026/03/25 07:00:00,4.2,35.0,12.0,1.20740875,0.0,35.0,30.8,53.14331,54.499386666666666
2026/03/25 08:00:00,31.4,38.4,81.78947368421053,0.6837687417218544,11.8,50.2,7.0,36.97133394736842,63.6989427631579
2026/03/25 09:00:00,43.4,70.0,62.036819428123785,0.8323712972972972,5.0,75.0,26.6,66.78898891891892,81.17681129032258
2026/03/25 10:00:00,50.6,75.0,67.46666666666667,0.7121915789473684,0.0,75.0,24.4,41.66770692307693,237.92105432692307
2026/03/25 11:00:00,51.4,72.4,70.99315068493149,0.4650581909547739,2.6,75.0,21.0,42.273929340101525,249.3143538071066
2026/03/25 12:00:00,47.0,74.0,63.510847834135504,0.0309269629629629,1.0,75.0,27.0,10.208461742424245,291.3622436090226
2026/03/25 13:00:00,42.2,71.8,58.7754303599374,0.7585414130434782,3.2,75.0,29.6,102.37983956521742,194.3204978260869
2026/03/25 14:00:00,43.5,75.0,58.0,0.5215878846153845,0.0,75.0,31.5,20.23095594936709,258.103805
2026/03/25 15:00:00,41.0,72.0,56.94444444444444,0.8969153947368421,3.0,75.0,31.0,43.88935235294118,62.88256732026143
2026/03/25 16:00:00,38.6,72.2,53.45974857744104,0.5069813740458015,2.8,75.0,33.6,28.81637854961832,53.30798320610687
2026/03/25 17:00:00,29.0,63.0,46.03174603174603,0.3263195454545454,0.0,63.0,34.0,14.537696818181818,50.43916666666667
2026/03/25 18:00:00,21.6,51.0,42.369909502262445,0.2213245454545454,1.6,52.4,29.4,14.145194411764706,61.3671
2026/03/25 19:00:00,15.0,37.4,40.12565196775723,0.0,1.6,38.8,22.4,0.0003463999999999,62.175696
2026/03/25 20:00:00,8.0,23.8,33.69591567852437,,0.6,23.6,15.8,,
2026/03/25 21:00:00,5.0,13.0,38.46153846153847,,0.0,12.8,8.0,,
2026/03/25 22:00:00,0.0,3.4,0.0,,0.6,4.0,3.4,,
2026/03/25 23:00:00,0.0,4.0,0.0,,0.0,4.0,4.0,,
2026/03/26 00:00:00,0.0,4.0,0.0,,0.0,4.0,4.0,,
2026/03/26 01:00:00,0.0,4.0,0.0,,0.0,4.0,4.0,,
2026/03/26 02:00:00,0.0,4.0,0.0,,0.0,4.0,4.0,,
2026/03/26 03:00:00,0.0,4.0,0.0,,0.0,4.0,4.0,,
2026/03/26 04:00:00,0.0,4.0,0.0,,0.0,4.0,4.0,,
2026/03/26 05:00:00,0.0,4.0,0.0,,31.0,35.0,4.0,,
2026/03/26 06:00:00,0.0,35.0,0.0,,0.0,35.0,35.0,,
2026/03/26 07:00:00,6.0,35.0,17.142857142857146,1.7467461538461535,0.0,35.0,29.0,65.87602999999999,54.013848
2026/03/26 08:00:00,27.6,37.0,74.5945945945946,0.8205840869565217,7.2,44.2,9.4,51.762481709401705,95.39805470085469
2026/03/26 09:00:00,45.5,70.0,65.0,0.8856580102040815,2.0,72.0,24.5,102.04754973958336,218.2871973958333
2026/03/26 10:00:00,48.6,74.0,65.67567567567566,0.6897894791666667,1.0,75.0,25.4,37.90132588541667,150.42417395833334
2026/03/26 11:00:00,51.833333333333336,73.83333333333333,70.19877411658234,0.8006003296703297,1.1666666666666667,75.0,22.0,99.15500287292818,67.30092912087913
2026/03/26 12:00:00,49.0,74.6,65.68648648648647,0.432479453125,0.4,75.0,25.6,17.934413828125,116.98644921875
2026/03/26 13:00:00,43.4,74.0,58.648648648648646,0.7489045348837209,1.0,75.0,30.6,47.00827647058823,48.72595764705883
2026/03/26 14:00:00,42.2,75.0,56.266666666666666,0.6805470512820514,0.0,75.0,32.8,40.45360840764331,60.91314458598726
2026/03/26 15:00:00,40.0,73.6,54.35024065161051,1.2246136842105262,1.4,75.0,33.6,92.19849544871796,56.162685256410256
2026/03/26 16:00:00,37.6,73.6,51.08478341355054,1.0043453284671533,1.4,75.0,36.0,48.31613100719425,60.66481438848921
2026/03/26 17:00:00,31.8,73.0,43.56164383561644,0.8040799999999999,2.0,75.0,41.2,30.21730773333333,64.50402533333335
2026/03/26 18:00:00,23.4,57.4,40.76225045372051,1.8338961290322584,1.6,59.0,34.0,65.023625625,104.98355625
2026/03/26 19:00:00,15.0,37.0,40.54054054054054,0.083428,1.0,38.0,22.0,1.558445,51.3312
2026/03/26 20:00:00,9.0,24.8,36.3,0.2377008333333333,0.0,24.8,15.8,6.420128333333332,39.14738333333333
2026/03/26 21:00:00,4.0,11.2,35.757575757575765,,0.0,11.0,7.2,,
2026/03/26 22:00:00,3.2,7.2,44.285714285714285,,0.8,8.0,4.0,,
2026/03/26 23:00:00,1.0,4.0,25.0,,0.0,4.0,3.0,,
2026/03/27 00:00:00,0.0,3.0,0.0,,1.0,4.0,3.0,,
2026/03/27 01:00:00,0.0,4.0,0.0,,0.0,4.0,4.0,,
2026/03/27 02:00:00,0.0,4.0,0.0,,0.0,4.0,4.0,,
2026/03/27 03:00:00,0.0,4.0,0.0,,0.0,4.0,4.0,,
2026/03/27 04:00:00,0.0,4.0,0.0,,0.0,4.0,4.0,,
2026/03/27 05:00:00,0.0,4.0,0.0,,24.8,28.8,4.0,,
2026/03/27 06:00:00,0.0,35.0,0.0,,0.0,35.0,35.0,,
2026/03/27 07:00:00,3.8,35.0,10.857142857142858,1.8147671428571428,0.0,35.0,31.2,44.03599125000001,53.4695375
2026/03/27 08:00:00,26.2,33.4,78.42424242424242,0.8325176576576576,7.6,41.0,7.2,81.97444434782608,68.49139051724138
2026/03/27 09:00:00,44.6,69.0,64.63768115942028,1.014400590909091,6.0,75.0,24.4,53.510650090090095,342.81443243243245
2026/03/27 10:00:00,48.8,75.0,65.06666666666665,0.7625628431372549,0.0,75.0,26.2,37.90614786407766,253.77720097087376
2026/03/27 11:00:00,50.8,74.8,67.91351351351351,0.4826135211267605,0.2,75.0,24.0,47.4642216509434,219.7985882075472
2026/03/27 12:00:00,39.0,74.6,52.28108108108108,0.170450752688172,0.4,75.0,35.6,9.393553076923077,53.874623076923086
2026/03/27 13:00:00,39.8,74.6,53.35135135135136,0.914018813559322,0.4,75.0,34.8,36.58485,185.23011
2026/03/27 14:00:00,39.4,74.2,53.0990990990991,0.695726038961039,0.8,75.0,34.8,40.578564503311256,65.85823269230771
2026/03/27 15:00:00,35.0,75.0,46.66666666666666,0.4372161184210526,0.0,75.0,40.0,22.4197532,321.8983406666667
2026/03/27 16:00:00,31.2,69.2,45.08488612836439,0.956036776859504,1.8,71.0,38.0,58.18317672413793,68.20611074380164
2026/03/27 17:00:00,29.6,67.6,43.78402107111501,0.8821881609195402,0.4,68.0,38.0,40.09523409090909,54.721929545454536
2026/03/27 18:00:00,21.0,52.4,40.085470085470085,0.4288304347826087,0.0,52.0,31.4,20.8982736,50.06404
2026/03/27 19:00:00,15.0,38.6,38.8663967611336,2.082482,0.4,38.8,23.6,94.0817,45.92372
2026/03/27 20:00:00,6.0,21.4,28.051948051948056,,0.6,22.0,15.4,,
2026/03/27 21:00:00,4.0,12.0,33.333333333333336,,0.0,12.0,8.0,,
2026/03/27 22:00:00,1.0,4.0,25.0,1.199594,0.0,4.0,3.0,50.231794,151.39216000000002
2026/03/27 23:00:00,1.0,4.0,25.0,2e-06,0.0,4.0,3.0,0.000204,132.45355999999998
2026/03/28 00:00:00,1.0,4.0,25.0,,0.0,4.0,3.0,,
2026/03/28 01:00:00,1.0,4.0,25.0,,0.0,4.0,3.0,,
2026/03/28 02:00:00,0.0,4.0,0.0,,0.0,4.0,4.0,,
2026/03/28 03:00:00,0.0,4.0,0.0,,0.0,4.0,4.0,,
2026/03/28 04:00:00,0.0,4.0,0.0,,0.0,4.0,4.0,,
2026/03/28 05:00:00,0.0,4.0,0.0,,6.0,10.0,4.0,,
2026/03/28 06:00:00,0.0,10.0,0.0,,0.0,10.0,10.0,,
2026/03/28 07:00:00,0.0,10.0,0.0,,0.0,10.0,10.0,,
2026/03/28 08:00:00,5.2,10.0,52.0,0.2671512,0.0,10.0,4.8,12.2034768,64.326484
2026/03/28 09:00:00,11.0,19.0,57.89473684210526,0.4873682222222222,0.0,19.0,8.0,25.04946488888889,63.37427999999999
2026/03/28 10:00:00,12.0,21.0,57.142857142857146,0.4015854285714286,0.0,21.0,9.0,18.963636285714284,62.14349142857142
2026/03/28 11:00:00,11.2,20.2,55.42857142857142,0.3339832,0.8,21.0,9.0,14.3553704,71.57015200000001
2026/03/28 12:00:00,8.0,20.4,39.23809523809524,0.5611433333333333,0.6,21.0,12.4,31.81186633333333,91.65152666666668
2026/03/28 13:00:00,7.0,17.0,41.1764705882353,0.8117236363636363,0.0,16.8,10.0,204.1954923809524,62.844519047619045
2026/03/28 14:00:00,8.0,15.0,53.333333333333336,0.0024965,0.0,15.0,7.0,3.655745500000001,60.43648
2026/03/28 15:00:00,9.0,15.0,60.0,0.1155984999999999,0.0,15.0,6.0,137.4521905,56.231705
2026/03/28 16:00:00,7.0,15.0,46.66666666666666,0.6634145000000001,0.0,15.0,8.0,27.8044425,62.45401
2026/03/28 17:00:00,5.0,10.4,48.18181818181818,0.1025266666666666,0.0,10.2,5.4,6.981326666666667,63.488573333333335
2026/03/28 18:00:00,5.0,10.0,50.0,0.1236465,0.0,10.0,5.0,4.627181500000001,53.195440000000005
2026/03/28 19:00:00,4.0,8.2,48.88888888888889,0.0,0.0,8.0,4.2,0.0,51.20812000000001
2026/03/28 20:00:00,3.0,7.4,40.71428571428572,,0.0,7.4,4.4,,
2026/03/28 21:00:00,1.0,5.0,20.0,,1.0,6.0,4.0,,
2026/03/28 22:00:00,0.0,4.0,0.0,,0.0,4.0,4.0,,
2026/03/28 23:00:00,0.0,4.0,0.0,,0.0,4.0,4.0,,
2026/03/29 00:00:00,0.0,4.0,0.0,,0.0,4.0,4.0,,
2026/03/29 01:00:00,0.0,4.0,0.0,,0.0,4.0,4.0,,
2026/03/29 02:00:00,0.0,4.0,0.0,,0.0,4.0,4.0,,
2026/03/29 03:00:00,0.0,4.0,0.0,,0.0,4.0,4.0,,
2026/03/29 04:00:00,0.0,4.0,0.0,,0.0,4.0,4.0,,
2026/03/29 05:00:00,0.0,4.0,0.0,,0.0,4.0,4.0,,
2026/03/29 06:00:00,1.0,4.0,25.0,3.5707080000000007,0.0,4.0,3.0,171.70327200000003,88.8026
2026/03/29 07:00:00,1.0,4.0,25.0,5.8e-05,0.0,4.0,3.0,0.0040739999999999,78.77632
2026/03/29 08:00:00,1.0,4.0,25.0,,0.0,4.0,3.0,,
2026/03/29 09:00:00,1.0,4.0,25.0,,0.0,4.0,3.0,,
2026/03/29 10:00:00,0.0,3.4,0.0,,0.6,4.0,3.4,,
2026/03/29 11:00:00,1.0,4.0,25.0,,0.0,4.0,3.0,,
2026/03/29 12:00:00,1.0,4.0,25.0,,0.0,4.0,3.0,,
2026/03/29 13:00:00,0.0,4.0,0.0,,0.0,4.0,4.0,,
2026/03/29 14:00:00,0.0,4.0,0.0,,0.0,4.0,4.0,,
2026/03/29 15:00:00,0.0,4.0,0.0,,0.0,4.0,4.0,,
2026/03/29 16:00:00,1.0,4.0,25.0,0.078462,0.0,4.0,3.0,27.41705,109.520875
2026/03/29 17:00:00,1.0,4.0,25.0,2.25722,0.0,4.0,3.0,172.117108,88.91779999999999
2026/03/29 18:00:00,1.0,4.0,25.0,,0.0,4.0,3.0,,
2026/03/29 19:00:00,0.0,4.0,0.0,,0.0,4.0,4.0,,
2026/03/29 20:00:00,0.0,4.0,0.0,,0.0,4.0,4.0,,
2026/03/29 21:00:00,0.0,4.0,0.0,,0.0,4.0,4.0,,
2026/03/29 22:00:00,0.0,4.0,0.0,,0.0,4.0,4.0,,
2026/03/29 23:00:00,0.0,4.0,0.0,,0.0,4.0,4.0,,
2026/03/30 00:00:00,0.0,4.0,0.0,,0.0,4.0,4.0,,
2026/03/30 01:00:00,0.0,4.0,0.0,,0.0,4.0,4.0,,
2026/03/30 02:00:00,0.0,4.0,0.0,,0.0,4.0,4.0,,
2026/03/30 03:00:00,0.0,4.0,0.0,,0.0,4.0,4.0,,
2026/03/30 04:00:00,0.0,4.0,0.0,,0.0,4.0,4.0,,
2026/03/30 05:00:00,0.0,4.0,0.0,,24.8,28.8,4.0,,
2026/03/30 06:00:00,7.0,35.0,20.0,0.3549229411764707,0.0,35.0,28.0,5.751290645161292,70.98066774193549
2026/03/30 07:00:00,31.6,42.4,74.51827242524918,0.9962967647058822,3.6,46.0,10.8,38.542182408759125,451.4499992700729
2026/03/30 08:00:00,47.0,75.0,62.66666666666666,0.8481249295774649,0.0,75.0,28.0,42.62847348837209,84.74072186046511
2026/03/30 09:00:00,50.0,75.0,66.66666666666667,1.0065487567567568,0.0,75.0,25.0,61.31723451612904,55.96629354838709
2026/03/30 10:00:00,48.0,74.0,64.86486486486487,0.7882943076923078,1.0,75.0,26.0,50.57589427835052,180.3842051546392
2026/03/30 11:00:00,40.0,75.0,53.333333333333336,0.3858520183486238,0.0,75.0,35.0,14.290954444444443,48.454707407407405
2026/03/30 12:00:00,39.0,75.0,52.0,0.9237720588235296,0.0,75.0,36.0,109.874195625,92.0246421875
2026/03/30 13:00:00,36.4,70.0,52.0003499256408,0.6184482835820896,2.0,72.0,33.6,41.900129774436095,45.708333082706766
2026/03/30 14:00:00,37.0,68.0,54.41176470588236,0.3401775324675324,0.0,68.0,31.0,18.70030762820513,44.25237051282051
2026/03/30 15:00:00,39.4,67.4,58.45478489903424,0.5257066438356164,0.6,68.0,28.0,32.8114081632653,47.63204452054796
2026/03/30 16:00:00,34.8,66.6,52.24785165083672,1.115607105263158,1.4,68.0,31.8,76.36638730434782,50.6900252173913
2026/03/30 17:00:00,24.6,54.2,45.38416271286182,1.3815809615384618,1.8,56.0,29.6,75.62255703703704,53.76195283018868
2026/03/30 18:00:00,17.0,36.0,47.22222222222222,3.33333333333e-05,0.0,36.0,19.0,0.0,51.221291666666666
2026/03/30 19:00:00,11.0,26.0,42.30769230769231,,1.0,27.0,15.0,,
2026/03/30 20:00:00,5.8,14.8,39.142857142857146,4.59335,0.2,15.0,9.0,76.91725,43.16924
2026/03/30 21:00:00,2.0,7.4,27.142857142857142,0.1175619999999999,0.0,7.2,5.4,106.520482,124.19368
2026/03/30 22:00:00,2.0,4.0,50.0,4.605866000000001,0.0,4.0,2.0,2.4e-05,30.13764
2026/03/30 23:00:00,2.0,4.0,50.0,4.585308,0.0,4.0,2.0,71.75058,29.310360000000003
2026/03/31 00:00:00,1.0,4.0,25.0,,0.0,4.0,3.0,,
2026/03/31 01:00:00,1.0,4.0,25.0,,0.0,4.0,3.0,,
2026/03/31 02:00:00,1.0,4.0,25.0,,0.0,4.0,3.0,,
2026/03/31 03:00:00,0.0,4.0,0.0,,0.0,4.0,4.0,,
2026/03/31 04:00:00,0.0,4.0,0.0,,0.0,4.0,4.0,,
2026/03/31 05:00:00,0.0,4.0,0.0,,24.8,28.8,4.0,,
2026/03/31 06:00:00,4.6,34.0,13.529411764705884,1.1318818181818182,1.0,35.0,29.4,34.61899,47.15108947368421
2026/03/31 07:00:00,31.8,41.6,76.45760743321719,0.6547291034482758,2.2,43.8,9.8,50.03301117647059,86.31908692810457
2026/03/31 08:00:00,52.0,75.0,69.33333333333333,0.9841570588235292,0.0,75.0,23.0,53.33161441176472,61.69385714285714
2026/03/31 09:00:00,55.8,74.8,74.5981981981982,0.9169738626609444,0.2,75.0,19.0,60.581295648535566,79.64608870292888
2026/03/31 10:00:00,58.8,74.8,78.60900900900901,0.7844953112033195,0.2,75.0,16.0,42.19154471311476,63.21281229508197
2026/03/31 11:00:00,50.4,74.0,68.1081081081081,0.4142354237288135,1.0,75.0,23.6,50.96917923076924,50.57603333333333
2026/03/31 12:00:00,47.0,74.8,62.83603603603604,0.5696065137614679,0.2,75.0,27.8,26.30956229357798,106.59585688073396
2026/03/31 13:00:00,43.6,72.6,60.05327245053272,0.5827237951807229,2.4,75.0,29.0,32.56245182352941,49.00137705882353
2026/03/31 14:00:00,39.0,73.0,53.42465753424658,1.0542060784313725,2.0,75.0,34.0,59.2560303896104,50.72300519480519
2026/03/31 15:00:00,40.0,73.6,54.35024065161051,0.8837194339622642,1.4,75.0,33.6,28.640756202531648,56.187424050632906
2026/03/31 16:00:00,33.6,71.6,46.92879499217527,0.5215581395348837,3.4,75.0,38.0,18.243726516853933,54.81994831460675
2026/03/31 17:00:00,25.4,52.4,48.468795355587815,1.0536844444444444,0.6,53.0,27.0,38.65936841269841,66.15209206349206
2026/03/31 18:00:00,18.0,36.4,49.45945945945946,0.0164939999999999,0.2,36.4,18.4,0.8876933333333332,65.54868
2026/03/31 19:00:00,13.8,29.4,46.9408866995074,2.089164,0.2,29.4,15.6,140.219258,99.82676
2026/03/31 20:00:00,4.0,14.0,28.571428571428573,,0.8,14.6,10.0,,
2026/03/31 21:00:00,1.0,4.0,25.0,,1.0,5.0,3.0,,
2026/03/31 22:00:00,0.0,4.0,0.0,,0.0,4.0,4.0,,
2026/03/31 23:00:00,0.0,4.0,0.0,,0.0,4.0,4.0,,
2026/04/01 00:00:00,0.0,4.0,0.0,,0.0,4.0,4.0,,
2026/04/01 01:00:00,0.0,4.0,0.0,,0.0,4.0,4.0,,
2026/04/01 02:00:00,0.0,4.0,0.0,,0.0,4.0,4.0,,
2026/04/01 03:00:00,0.0,4.0,0.0,,0.0,4.0,4.0,,
2026/04/01 04:00:00,0.0,4.0,0.0,,0.0,4.0,4.0,,
2026/04/01 05:00:00,0.0,4.0,0.0,,24.8,28.8,4.0,,
2026/04/01 06:00:00,5.6,35.0,16.0,1.7579324,0.0,35.0,29.4,37.63070269230769,448.1721076923077
2026/04/01 07:00:00,30.4,40.8,74.51219512195122,0.9571557333333331,4.2,45.0,10.4,65.87058450331125,59.89081721854304
2026/04/01 08:00:00,48.0,74.0,64.86486486486487,1.0174990476190475,1.0,75.0,26.0,55.07689615384615,54.77008365384615
2026/04/01 09:00:00,56.0,75.0,74.66666666666667,0.8968676771653545,0.0,75.0,19.0,89.31703775193799,62.41245214007782
